{
  "wrong_total": 129,
  "wrong_by_information_need": {
    "fact_lookup": 37,
    "temporal_lookup": 47,
    "list_count": 29,
    "current_state": 10,
    "profile_preference": 6
  },
  "wrong_by_question_type": {
    "single-session-user": 4,
    "multi-session": 54,
    "single-session-preference": 19,
    "temporal-reasoning": 33,
    "knowledge-update": 15,
    "single-session-assistant": 4
  },
  "wrong_query_tokens": {
    "avg": 5990.085271317829,
    "max": 7702,
    "gt8000": 0
  },
  "correct_query_tokens": {
    "avg": 5882.7439353099735,
    "max": 8776,
    "gt8000": 2
  },
  "wrong_avg_rows": 34.30232558139535,
  "wrong_examples": [
    "e15bea5c068bec66283c7674",
    "d823172b5baf1eff81acb20c",
    "91ae25f643157272c276dafb",
    "e949cd5d8d5d41bba8ff0ab3",
    "7e035917c2c04fc5e63b39b0",
    "8997d3cef1a1f658fe97f7c5",
    "6778983aaf41f9823f490730",
    "e3b12960136041241dc62c39",
    "8c9932c7f15a04659e83d505",
    "995a370e23572760a2fdf6f3",
    "e79e65b9d1ea8d5cf7ea37a7",
    "d3083a44aa8ca5bf6caf5ba1",
    "0ae3182c3a2b012937a96b9d",
    "5f040854cf791bfeeb79b7d4",
    "991dd8fcd16fce34cfc82925",
    "3327f6bb9f2b962d1187cd6b",
    "d43529e1b75f789f824ffba9",
    "2a27a0337e415cc76e0b82b3",
    "27a28d49af7d327bb9f25309",
    "f388c274488efb4ca58f20f8",
    "32eb6a6d4eb90246887b34fb",
    "0e3b85f1ae5dddca4b328a0f",
    "e9095a025f6dbf39641ff990",
    "cadcc65007e9932edef2d0de",
    "4be721ae00fda00fbb5ac16b",
    "5662691a4bc7b9290f5727a8",
    "f8c2d0bbfbf668fd3d5d38ab",
    "898b527e91bed8a81000c3ab",
    "68380cf14bef7b6c97a83916",
    "d40dd68cc120ce5ad9515578",
    "2ea366047e35ba03b980953f",
    "b29ecee4bbd616d18f051048",
    "d00b4949227c41f760b0f64c",
    "45ccdf8947da04d80402bb2e",
    "79579c32a1b250cf632b717b",
    "0a537c6dfde0742723049ca4",
    "158692bc43ef28e0e43d991f",
    "431c6d9ef160528ca54104f8",
    "5110d0ed1a7cb0fefd131e4d",
    "8b879add5b99d7c3de847de7",
    "1d4fed4463c88e0a44c6281c",
    "ac5399ae37b4c99dcc33ba43",
    "3560e79cab2520e5c40eb980",
    "9c4dfeccc8eedfdf0598998b",
    "73ce3d0bb5e45781a780269c",
    "32f0df330fed5b12b138734e",
    "08cccaf312a179d4f4b961d3",
    "4247325975aa83eade14f4aa",
    "dd0bbac643885d79aa0ac2a2",
    "709447e6ba096ba2b432bcce",
    "676f08cb0b1213adf24077d5",
    "f9ae007ab8a08057a78ba572",
    "589b37fd0ba97f533c07aa37",
    "db9a99c7243b91a6edc16879",
    "fd25f68eeef013c491d86a1c",
    "c5d2155e2779f2d63fbe4149",
    "e3353ec1ec904aa2876b1a3e",
    "977328ab6b84d5f649283e49",
    "3d999b0f5c66c23608e5e97f",
    "a1e403c5b6ee9c67eceee109",
    "f685467110dd402bd9d31cc9",
    "b9e5ee6334ffb73e6ae8a4c6",
    "b9688f9e7305880c8b79b001",
    "63ce418c3266931145638fe7",
    "aadf2bbaa815bd532a6b2a99",
    "9ae27974136200033b2aac40",
    "32ebfa2049ba11bbc89d490c",
    "754c7fcd90f79025d3cf38eb",
    "1db38df3ec49cf8d8220ddc4",
    "35751c9236a608dad7491522",
    "982d8ba42d8afeef9f5749fb",
    "d3ac1e28c2b1b6a9caf140a6",
    "da21b04c638eb0f5c3b5f842",
    "0f5428382c8321a352ccb532",
    "d87808ad0140a14250d6a12b",
    "a3c0ed53b6d7c4c9825a1f7c",
    "8a5fdd7024be02ee912f7516",
    "3f61bd57092f90507c37fbeb",
    "a3e4c89a8fdf800fa3b2676f",
    "dbfe13e18e9d7d354d881b9b",
    "740d3b0bc662060a816e231f",
    "3e1b497a50eb3120dc176277",
    "6b1ef73a6f0aefe0de9818c3",
    "fe4a4db5de3c53160e09d965",
    "040a4510206229039b25c860",
    "38395512ed74d379096ac16f",
    "f42847e71c4d486a8c6c7c0b",
    "3369f571c78a2226bb7f70fa",
    "17228110851e8010d1ac4774",
    "325a0f2d711df68b798236a3",
    "4229794d316afea234efa2c3",
    "453f3e55b4b3725c16004ac9",
    "059b8bb4fb1e6194a5d9bea5",
    "9384c1978fe641e21d9e6da0",
    "1cdde2342583344c28e9a6aa",
    "1c36d948c9a40cd6dceaf057",
    "047fc041db62b22233bcc704",
    "57cc985e29edc5e617c3cfac",
    "3f1b0d114b185d2ca9d2dc2d",
    "0aa069360fca33f7e5eef027"
  ]
}