{
  "by_information_need": {
    "current_state": {
      "accuracy": 0.5454545454545454,
      "correct": 12,
      "n": 22
    },
    "fact_lookup": {
      "accuracy": 0.819672131147541,
      "correct": 150,
      "n": 183
    },
    "list_count": {
      "accuracy": 0.7983193277310925,
      "correct": 95,
      "n": 119
    },
    "profile_preference": {
      "accuracy": 0.6666666666666666,
      "correct": 10,
      "n": 15
    },
    "temporal_lookup": {
      "accuracy": 0.7453416149068323,
      "correct": 120,
      "n": 161
    }
  },
  "by_question_type": {
    "knowledge-update": {
      "accuracy": 0.8205128205128205,
      "correct": 64,
      "n": 78
    },
    "multi-session": {
      "accuracy": 0.6541353383458647,
      "correct": 87,
      "n": 133
    },
    "single-session-assistant": {
      "accuracy": 0.9464285714285714,
      "correct": 53,
      "n": 56
    },
    "single-session-preference": {
      "accuracy": 0.43333333333333335,
      "correct": 13,
      "n": 30
    },
    "single-session-user": {
      "accuracy": 0.9285714285714286,
      "correct": 65,
      "n": 70
    },
    "temporal-reasoning": {
      "accuracy": 0.7894736842105263,
      "correct": 105,
      "n": 133
    }
  },
  "metrics": {
    "accuracy": 0.774,
    "n_invalid": 0,
    "n_judgments": 500,
    "n_valid": 500
  },
  "run": "stage1_operation_workpad_v42_lme_s_full_f7eb076",
  "usage": {
    "completion_tokens": 41344,
    "prompt_tokens": 77794,
    "total_tokens": 119138
  }
}
